<?xml version="1.0" encoding="UTF-8"?>
<!DOCTYPE hibernate-mapping PUBLIC
"-//hibernate/hibernate mapping dtd3.0//en"
"http://hibernate.sourceforge.net/hibernate-mapping-3.0.dtd">
<hibernate-mapping>
<class name="mypojo1" table="policy1">
<id name="username" column="username" type="string">
<generator class ="assigned"></generator></id>
<property name="firstname" type="string" column="firstname" />
<property name="lastname" type="string" column="lastname" />
<property name="address" type="string" column="address" />
<property name="city" type="string" column="city" />
<property name="zip" type="int" column="zip" />
<property name="phone" type="int" column="phone" />
<property name="email" type="string" column="email" />
<property name="aadhar" type="int" column="aadhar" />
<property name="pan" type="string" column="pan" />
<property name="policy" type="string" column="policy" />
</class>
</hibernate-mapping>